{
	"defaultSeverity": "error",
	"extends": [
		"tslint:recommended"
	],
	"jsRules": {},
	"rules": {
		"arrow-parens": [
			true,
			"ban-single-arg-parens"
		],
		"no-conditional-assignment": false,
		"object-literal-sort-keys": false,
		"quotemark": [
			true,
			"single"
		],
		"trailing-comma": [
			true,
			{
				"multiline": {
					"objects": "always",
					"arrays": "always",
					"functions": "never",
					"typeLiterals": "ignore"
				},
				"esSpecCompliant": true
			}
		],
		"max-line-length": false,
		"max-classes-per-file": false
	},
	"rulesDirectory": []
}